certificate_id,application_id,issue_date,certificate_url,verified_hash
1,39,2025-09-05,https://certs.example/d4c0c8c4010c23c0.pdf,d4c0c8c4010c23c0
2,74,2025-09-12,https://certs.example/5b90caa7875a7d97.pdf,5b90caa7875a7d97
3,100,2025-09-15,https://certs.example/6f43d0d0e5c48d5b.pdf,6f43d0d0e5c48d5b
4,118,2025-09-09,https://certs.example/773df7437ac0eacc.pdf,773df7437ac0eacc
5,192,2025-09-18,https://certs.example/703e460b41ce3f18.pdf,703e460b41ce3f18
6,196,2025-09-17,https://certs.example/8d0184c3962b18bb.pdf,8d0184c3962b18bb
7,205,2025-09-07,https://certs.example/133b61418845d36a.pdf,133b61418845d36a
8,247,2025-09-16,https://certs.example/a819b7800669208e.pdf,a819b7800669208e
9,253,2025-09-23,https://certs.example/d68accb3df1a9b7f.pdf,d68accb3df1a9b7f
10,299,2025-09-05,https://certs.example/20c657fb6848b45d.pdf,20c657fb6848b45d
11,348,2025-09-13,https://certs.example/1bc93dc40456eea9.pdf,1bc93dc40456eea9
12,381,2025-09-11,https://certs.example/393584a969070db2.pdf,393584a969070db2
13,395,2025-09-14,https://certs.example/00668ea5d637fa2a.pdf,00668ea5d637fa2a
14,488,2025-09-12,https://certs.example/953acf164dd5c09d.pdf,953acf164dd5c09d
15,494,2025-09-10,https://certs.example/1ca06555faa3cd44.pdf,1ca06555faa3cd44
16,540,2025-09-13,https://certs.example/3dcc67603d33793d.pdf,3dcc67603d33793d
17,561,2025-09-15,https://certs.example/00137e850b986fa2.pdf,00137e850b986fa2
